{
    "device_type": "D435i",
    "imus": [
        {
            "accelerometer": {
                "bias": [
                    0.1428834503448363,
                    -0.04050829392282719,
                    -0.10581482347920859
                ],
                "scale_and_alignment": [
                    1.0086474888194394,
                    0.011025760662677412,
                    0.0012099752455731957,
                    0.012208854061584166,
                    1.0042673459649436,
                    -0.020088129677762634,
                    0.0347473413506701,
                    0.03463196132212509,
                    1.0083066714112952
                ]
            },
            "gyroscope": {
                "bias": [
                    -0.0036399300565550987,
                    0.0007604901185862509,
                    0.0010837646637692564
                ],
                "scale_and_alignment": [
                    1.0,
                    0.0,
                    0.0,
                    0.0,
                    1.0,
                    0.0,
                    0.0,
                    0.0,
                    1.0
                ]
            }
        }
    ]
}